OBJECTID,Treatment,Temperature,Time,DN,K,AvgTemp,TempDifference
4206,0,28.34,0,44614.44444,301.4930634,30.05,-1.71
4447,0,28.39,0,44627,301.53597854,30.05,-1.66
5974,0,25.31,0,43725.75,298.455488015,30.05,-4.74
9111,0,29.3,0,44894.35714,302.449810601429,30.05,-0.75
13206,0,27.63,0,44407,300.78401414,30.05,-2.41
13584,0,28.28,0,44594.75,301.425747395,30.05,-1.77
16939,0,26.05,0,43945,299.2048889,30.05,-3.99
17452,0,24.55,0,43505,297.7009601,30.05,-5.5
18096,0,27.97,0,44504.6,301.117612892,30.05,-2.08
18097,0,30.88,0,45355.5,304.02600611,30.05,0.83
18228,0,25.53,0,43790,298.6750958,30.05,-4.52
18350,0,27.25,0,44293.2,300.395043464,30.05,-2.8
18501,0,25.88,0,43894.5,299.03227889,30.05,-4.17
18779,0,30.76,0,45323,303.91492046,30.05,0.72
22757,0,29.16,0,44852.1,302.305374842,30.05,-0.89
24216,0,25.27,0,43716,298.42216232,30.05,-4.78
24293,0,27.91,0,44488.5,301.06258277,30.05,-2.14
24526,0,28.61,0,44692.5,301.75985885,30.05,-1.44
25891,0,23.23,0,43118.5,296.37989537,30.05,-6.82
26056,0,28.65,0,44705.2,301.803267704,30.05,-1.4
26553,0,23.18,0,43105,296.3337521,30.05,-6.86
29438,0,29.03,0,44816.5,302.18369333,30.05,-1.02
29504,0,28.46,0,44647.25,301.605193445,30.05,-1.59
30474,0,24.76,0,43567,297.91287734,30.05,-5.29
31648,0,29.38,0,44916.83333,302.52663467,30.05,-0.67
33101,0,30.81,0,45337.5,303.96448175,30.05,0.77
33680,0,29.33,0,44903.38462,302.480666683077,30.05,-0.72
34629,0,28.55,0,44674.5,301.69833449,30.05,-1.5
37098,0,29.41,0,44925.16667,302.55511817,30.05,-0.64
38984,0,28.97,0,44797.5,302.11875095,30.05,-1.08
40613,1,26.06,0,43946.17647,299.2089101,30.05,-3.99
40666,0,29.86,0,45059,303.01256318,30.05,-0.19
43140,0,31.45,0,45524.8,304.604676896,30.05,1.41
43283,0,26.57,0,44096.5,299.72271893,30.05,-3.48
43597,0,26.9,0,44192.16667,300.04970951,30.05,-3.15
43705,0,29.73,0,45019,302.87584238,30.05,-0.32
45302,0,23.54,0,43208.16667,296.68637783,30.05,-6.51
45625,0,28.11,0,44545,301.2557009,30.05,-1.94
48329,0,26.59,0,44102.25,299.742372545,30.05,-3.46
48567,0,27.4,0,44338.75,300.550734275,30.05,-2.65
48983,0,30.13,0,45137.66667,303.28144742,30.05,0.08
49199,0,32.2,0,45742.8,305.349805256,30.05,2.15
49295,0,22.99,0,43049,296.14234298,30.05,-7.06
50481,0,28.47,0,44650.5,301.61630201,30.05,-1.58
51319,0,29.84,0,45053.5,302.99376407,30.05,-0.2
51407,0,32.67,0,45879.27273,305.816271767273,30.05,2.62
53194,0,23.49,0,43194,296.63795588,30.05,-6.56
53650,0,33.6,0,46151.8,306.747775436,30.05,3.55
54372,0,28.6,0,44689,301.74789578,30.05,-1.45
54410,0,32.32,0,45778,305.47011956,30.05,2.27
57958,0,27.7,0,44427,300.85237454,30.05,-2.35
58270,0,28.85,0,44762.66667,301.99968992,30.05,-1.2
58271,0,23.35,0,43154,296.50123508,30.05,-6.7
59263,0,28.32,0,44607.54545,301.469482514545,30.05,-1.73
60544,0,28.33,0,44609.2,301.475137784,30.05,-1.72
61642,0,31.86,0,45643,305.00868686,30.05,1.81
62213,0,30.72,0,45309.75,303.869631695,30.05,0.67
63034,0,31.98,0,45679,305.13173558,30.05,1.93
64175,0,31.16,0,45437.33333,304.30571408,30.05,1.11
64230,0,27.49,0,44365,300.6404573,30.05,-2.56
64432,0,34.17,0,46320,307.3226864,30.05,4.12
66552,0,32.81,0,45920.5,305.95718741,30.05,2.76
67008,0,21.83,0,42707.5,294.97508915,30.05,-8.22
67509,0,26.46,0,44062.33333,299.60593658,30.05,-3.59
68046,0,32.11,0,45717.5,305.26332935,30.05,2.06
69622,0,32.14,0,45725,305.2889645,30.05,2.09
70128,0,27.6,0,44395.71429,300.745439342857,30.05,-2.45
70294,0,32.17,0,45734,305.31972668,30.05,2.12
70360,0,32.17,0,45734,305.31972668,30.05,2.12
70612,0,33.64,0,46163.26667,306.786968732,30.05,3.59
70743,0,30.76,0,45322.5,303.91321145,30.05,0.71
71097,0,31.61,0,45570,304.7591714,30.05,1.56
71153,0,30.6,0,45275,303.7508555,30.05,0.55
71154,0,29.19,0,44861.375,302.3370769775,30.05,-0.86
71399,0,32.75,0,45902.5,305.89566305,30.05,2.7
72246,0,33.5,0,46122.55556,306.64781734,30.05,3.45
73442,0,32.09,0,45711.5,305.24282123,30.05,2.04
73505,0,27.77,0,44445.88889,300.91693714,30.05,-2.28
73669,0,29.56,0,44969.75,302.707504895,30.05,-0.49
73747,0,32.27,0,45763,305.41884926,30.05,2.22
73776,0,28.73,0,44727,301.87778054,30.05,-1.32
74795,0,33.29,0,46062.5,306.44254625,30.05,3.24
75040,1,30.57,0,45265.5,303.71838431,30.05,0.52
75044,0,27.52,0,44373,300.66780146,30.05,-2.53
75367,0,26.74,0,44144.33333,299.88621422,30.05,-3.31
76965,0,33.72,0,46189,306.87492578,30.05,3.68
77012,0,34,0,46268.75,307.147512875,30.05,3.95
77236,0,34.64,0,46457.7,307.793347754,30.05,4.59
77542,0,33.07,0,45998.71429,306.224525402857,30.05,3.03
77776,0,34.24,0,46341,307.39446482,30.05,4.2
77881,0,30.87,0,45354.71429,304.023320522857,30.05,0.82
78220,0,32.8,0,45917,305.94522434,30.05,2.75
78412,0,27.13,0,44259.5,300.27985619,30.05,-2.92
78521,0,32.92,0,45953,306.06827306,30.05,2.87
78650,0,33.39,0,46091.33333,306.54109916,30.05,3.34
78732,0,32.45,0,45815,305.5965863,30.05,2.4
78745,0,33.25,0,46050.66667,306.40209968,30.05,3.2
79020,0,31.47,0,45528,304.61561456,30.05,1.42
79047,1,32.7,0,45890,305.8529378,30.05,2.65
79226,0,28.54,0,44672,301.68978944,30.05,-1.51
79654,0,28.61,0,44693,301.76156786,30.05,-1.44
79700,0,30.34,0,45198.7,303.490060574,30.05,0.29
79969,0,33.05,0,45991.66667,306.2004365,30.05,3
80192,0,24.92,0,43612,298.06668824,30.05,-5.13
81127,0,32.06,0,45701,305.20693202,30.05,2.01
81395,0,31.93,0,45665,305.0838833,30.05,1.89
81439,0,29.61,0,44984.5,302.75792069,30.05,-0.44
82461,0,29.79,0,45036.6,302.935999532,30.05,-0.26
82696,0,25.18,0,43690,298.3332938,30.05,-4.87
82928,0,31.94,0,45667.5,305.09242835,30.05,1.89
84118,0,26.11,0,43960.11111,299.25653898,30.05,-3.94
84858,0,32.54,0,45841.16667,305.68602449,30.05,2.49
84975,0,28.72,0,44724.5,301.86923549,30.05,-1.33
85064,0,32.92,0,45952.07143,306.065099184286,30.05,2.87
85519,0,29.01,0,44809.85714,302.160987911429,30.05,-1.04
85631,0,30.89,0,45360,304.0413872,30.05,0.84
85829,0,31.22,0,45455.8,304.368833516,30.05,1.17
85993,0,30.87,0,45352.6,304.016093852,30.05,0.82
86176,0,31.72,0,45601,304.86513002,30.05,1.67
87045,0,27.5,0,44367.5,300.64900235,30.05,-2.55
87191,0,34.05,0,46283,307.19621966,30.05,4
87427,0,31.36,0,45496.75,304.508801435,30.05,1.31
87440,0,31.58,0,45560.5,304.72670021,30.05,1.53
88312,0,30.81,0,45336.57143,303.961307874286,30.05,0.76
88388,0,32.28,0,45766,305.42910332,30.05,2.23
88979,0,31.61,0,45571.5,304.76429843,30.05,1.57
89519,0,31.36,0,45497,304.50965594,30.05,1.31
90329,0,33.62,0,46158,306.76896716,30.05,3.57
90510,0,30.73,0,45313,303.88074026,30.05,0.68
90538,0,31.06,0,45408.8,304.208186576,30.05,1.01
90647,0,31.02,0,45397.5,304.16956295,30.05,0.97
90999,0,31.08,0,45414,304.22596028,30.05,1.03
91144,0,30.55,0,45259.5,303.69787619,30.05,0.5
91264,0,31.82,0,45632,304.97108864,30.05,1.77
91435,0,32.93,0,45955,306.0751091,30.05,2.88
91936,0,31.99,0,45681,305.13857162,30.05,1.94
92073,0,32.05,0,45698.16667,305.19724763,30.05,2
92137,0,29.91,0,45073,303.06041546,30.05,-0.14
93827,1,30.44,0,45227.42857,303.588255405714,30.05,0.39
94058,0,32.33,0,45782,305.48379164,30.05,2.29
94195,0,25.78,0,43864.5,298.92973829,30.05,-4.27
94489,0,30.99,0,45389.16667,304.14107945,30.05,0.94
94705,0,32.21,0,45745.25,305.358179405,30.05,2.16
95464,0,31.75,0,45611.14286,304.899798508571,30.05,1.7
95603,0,31.51,0,45542,304.66346684,30.05,1.46
95809,0,31.03,0,45399.75,304.177253495,30.05,0.98
95997,0,30.61,0,45278.5,303.76281857,30.05,0.56
96028,0,32.23,0,45752.33333,305.38239038,30.05,2.18
96170,0,32.06,0,45701,305.20693202,30.05,2.01
96206,0,33.34,0,46075.5,306.48698051,30.05,3.29
96272,0,32.47,0,45822.83333,305.62336079,30.05,2.42
96741,0,31.46,0,45527,304.61219654,30.05,1.41
96799,0,28.97,0,44798.55556,302.12235886,30.05,-1.08
96821,0,30.64,0,45287,303.79187174,30.05,0.59
96926,0,29.48,0,44948.27778,302.63411241,30.05,-0.56
96927,0,28.57,0,44680.36364,301.718376516364,30.05,-1.48
97392,0,29.45,0,44938.875,302.6019735275,30.05,-0.6
97451,0,30.73,0,45312,303.87732224,30.05,0.68
97819,0,29.62,0,44988,302.76988376,30.05,-0.43
97960,0,31.89,0,45651,305.03603102,30.05,1.84
97981,0,31.3,0,45479.83333,304.45097993,30.05,1.25
98077,0,29.19,0,44863.4,302.343998468,30.05,-0.85
98120,0,31.88,0,45648.44444,305.02729608,30.05,1.83
98161,0,31.23,0,45460.52941,304.38499874,30.05,1.19
98290,0,30.39,0,45213.16667,303.53950793,30.05,0.34
98333,0,30.09,0,45124.63636,303.236909583636,30.05,0.04
98637,0,31.71,0,45598.5,304.85658497,30.05,1.66
98863,0,32.26,0,45761,305.41201322,30.05,2.21
99150,0,29.51,0,44955.5,302.65879811,30.05,-0.54
99423,0,31.83,0,45634,304.97792468,30.05,1.78
99452,0,33.19,0,46032.125,306.3387238925,30.05,3.14
99520,0,30.34,0,45199.83333,303.49393433,30.05,0.3
99529,0,32.35,0,45786,305.49746372,30.05,2.3
99920,0,31.16,0,45440,304.3148288,30.05,1.12
100323,0,29.26,0,44881.66667,302.4064343,30.05,-0.79
100406,0,32.7,0,45889,305.84951978,30.05,2.65
100731,0,30.07,0,45119.8,303.220378796,30.05,0.02
101079,0,31.18,0,45443.25,304.325937365,30.05,1.13
101092,0,30.85,0,45348.4,304.001738168,30.05,0.8
101267,0,31.34,0,45491.75,304.491711335,30.05,1.29
101313,0,33.99,0,46265.6,307.136746112,30.05,3.94
101706,0,29.79,0,45036.71429,302.936390162857,30.05,-0.26
101852,0,29.13,0,44845,302.2811069,30.05,-0.92
102262,0,32.59,0,45855.83333,305.73615545,30.05,2.54
102280,0,30.07,0,45119,303.21764438,30.05,0.02
102880,0,36.28,0,46936.33333,309.42932606,30.05,6.23
102971,0,31.16,0,45440,304.3148288,30.05,1.12
103336,0,29.72,0,45018.7,302.874816974,30.05,-0.32
103480,0,29.62,0,44987.25,302.767320245,30.05,-0.43
103748,0,33.78,0,46205.55556,306.931513,30.05,3.73
103785,0,30.06,0,45115.44444,303.20549142,30.05,0.01
103846,0,30.54,0,45258.33333,303.6938885,30.05,0.5
104685,0,29.37,0,44915.33333,302.52150764,30.05,-0.68
104742,0,31.76,0,45613.90909,304.909253550909,30.05,1.71
104744,0,29.13,0,44844.5,302.27939789,30.05,-0.92
104848,0,32.13,0,45722.33333,305.27984978,30.05,2.08
104955,0,28.12,0,44549.94118,301.27258994,30.05,-1.93
105154,0,31.23,0,45460,304.3831892,30.05,1.18
105484,1,31.64,0,45579.44444,304.7914527,30.05,1.59
105714,0,31.76,0,45614.5,304.91127329,30.05,1.71
106017,0,30.48,0,45239.66667,303.63008546,30.05,0.43
106596,0,29.46,0,44942.66667,302.61493352,30.05,-0.58
106675,0,27.71,0,44428.61538,300.857895956923,30.05,-2.34
106931,0,29.17,0,44857,302.32212314,30.05,-0.88
107087,0,29.84,0,45053.75,302.994618575,30.05,-0.2
107548,0,28.7,0,44718,301.84701836,30.05,-1.35
107722,0,31.53,0,45546,304.67713892,30.05,1.48
107750,0,30.08,0,45122.33333,303.22903778,30.05,0.03
107753,0,34.39,0,46382.5,307.53631265,30.05,4.34
107776,0,32.28,0,45765,305.4256853,30.05,2.23
108088,0,31.68,0,45589.44444,304.8256329,30.05,1.63
108089,0,33.07,0,45995.94444,306.21505803,30.05,3.02
108097,0,29.69,0,45007.8,302.837560556,30.05,-0.36
108154,0,33.87,0,46230,307.0150646,30.05,3.82
108200,0,31.82,0,45631.75,304.970234135,30.05,1.77
108228,0,31.86,0,45644,305.01210488,30.05,1.81
108662,0,31.51,0,45540.3125,304.65769893125,30.05,1.46
108989,0,29.37,0,44914.03704,302.517076873333,30.05,-0.68
109029,0,29.32,0,44901.45455,302.474069665455,30.05,-0.72
109105,0,31.77,0,45617,304.91981834,30.05,1.72
109515,0,31.15,0,45434.5,304.29602969,30.05,1.1
110541,0,31.62,0,45573,304.76942546,30.05,1.57
110785,0,30.41,0,45219.09091,303.559757109091,30.05,0.36
111956,0,29.23,0,44875.23077,302.384436273846,30.05,-0.81
112668,0,30.93,0,45372.66667,304.08468212,30.05,0.89
114155,0,30.22,0,45165,303.3748733,30.05,0.18
114471,0,30.65,0,45289.66667,303.80098646,30.05,0.6
114960,0,30.31,0,45188.75,303.456051275,30.05,0.26
115652,0,29.87,0,45060.77143,303.018617958286,30.05,-0.18
116399,0,30.73,0,45313.3,303.881765666,30.05,0.68
116459,0,30.57,0,45266,303.72009332,30.05,0.52
116504,0,30.36,0,45205,303.5115941,30.05,0.31
117102,0,30.84,0,45345.5,303.99182591,30.05,0.79
117156,0,29.91,0,45072,303.05699744,30.05,-0.14
118718,0,30.44,0,45228,303.59020856,30.05,0.39
118891,0,27.92,0,44489.9375,301.06749617375,30.05,-2.13
121894,0,29.45,0,44938.66667,302.60126144,30.05,-0.6
122614,0,30.89,0,45359.5,304.03967819,30.05,0.84
123128,0,28.13,0,44551,301.27620902,30.05,-1.92
123228,0,30.66,0,45293.5,303.81408887,30.05,0.62
123536,0,30.67,0,45294.41176,303.8172053,30.05,0.62
124244,0,28.87,0,44770,302.0247554,30.05,-1.17
125146,0,29.56,0,44971,302.71177742,30.05,-0.49
126109,0,29.02,0,44812.07692,302.168575164615,30.05,-1.03
126587,0,30.07,0,45121,303.22448042,30.05,0.03
126869,0,29.89,0,45066,303.03648932,30.05,-0.16
127868,0,29.36,0,44912.5,302.51182325,30.05,-0.69
128212,0,30.29,0,45184.75,303.442379195,30.05,0.24
128622,0,29.06,0,44823,302.20591046,30.05,-0.99
130590,0,31.71,0,45600.85714,304.864641731429,30.05,1.67
131080,0,30.68,0,45298.23077,303.830258733846,30.05,0.63
131572,0,29.73,0,45019.5,302.87755139,30.05,-0.32
131840,0,31.24,0,45462.1,304.390367042,30.05,1.19
132234,0,30.55,0,45260.90909,303.702692490909,30.05,0.5
132402,0,30.59,0,45271.75,303.739746935,30.05,0.54
133071,0,30.33,0,45194.81818,303.476792441818,30.05,0.28
133243,0,30.93,0,45371,304.07898542,30.05,0.88
133942,0,31.27,0,45470.83333,304.42021775,30.05,1.22
137134,0,31.2,0,45451,304.35242702,30.05,1.15
137372,0,29.85,0,45054.75,302.998036595,30.05,-0.2
138149,0,30.42,0,45222.8,303.572434856,30.05,0.37
138652,0,31.42,0,45516,304.57459832,30.05,1.38
138749,0,30.12,0,45135,303.2723327,30.05,0.07
139127,0,29.8,0,45039.66667,302.94648146,30.05,-0.25
139266,0,26.47,0,44066.1,299.618811122,30.05,-3.58
139337,0,25.92,0,43904.83333,299.06759843,30.05,-4.13
139453,0,29.97,0,45091.875,303.1249305875,30.05,-0.07
139491,0,27.12,0,44256.83333,300.27074147,30.05,-2.93
139816,0,31.7,0,45595.2,304.845305504,30.05,1.65
139937,0,26.77,0,44153.2,299.916520664,30.05,-3.28
140316,1,32.32,0,45779,305.47353758,30.05,2.27
140378,1,31.85,0,45640.31818,304.999520351818,30.05,1.8
140399,0,20.9,0,42437.75,294.053078255,30.05,-9.15
140886,0,21.92,0,42736,295.07250272,30.05,-8.13
141265,0,30.45,0,45231,303.60046262,30.05,0.4
142491,0,32.41,0,45804,305.55898808,30.05,2.36
145676,0,24.18,0,43395.75,297.327541415,30.05,-5.87
145855,0,30.2,0,45158.33333,303.3520865,30.05,0.15
146181,0,27.62,0,44402.5,300.76863305,30.05,-2.43
146362,0,30.65,0,45290,303.8021258,30.05,0.6
146575,0,31.1,0,45422,304.25330444,30.05,1.05
147238,1,28.14,0,44554.5,301.28817209,30.05,-1.91
148089,0,25.67,0,43832.33333,298.81979198,30.05,-4.38
150955,0,26.31,0,44021,299.46465842,30.05,-3.73
151385,0,29.74,0,45022.07692,302.886359364615,30.05,-0.31
151961,0,23.82,0,43291.74627,296.972054581194,30.05,-6.23
160888,0,31.22,0,45457.42857,304.374400005714,30.05,1.18
161177,0,30.77,0,45325.66667,303.92403518,30.05,0.73
4206,0,35.62,1,46742.83333,308.76793919,36.79,-1.17
4447,1,35.46,1,46697.25,308.612134445,36.79,-1.33
5974,1,32.76,1,45907.25,305.911898645,36.79,-4.03
9111,1,34.99,1,46558.42857,308.137640025714,36.79,-1.8
13206,0,35.72,1,46773.33333,308.8721888,36.79,-1.07
13584,1,35.19,1,46617.5,308.33954735,36.79,-1.6
16939,1,33.75,1,46195.5,306.89714291,36.79,-3.05
17452,1,31.05,1,45406.75,304.201179635,36.79,-5.74
18096,1,37.02,1,47153.6,310.171947872,36.79,0.23
18097,0,37.68,1,47345.5,310.82786591,36.79,0.89
18228,1,33.05,1,45993,306.20499386,36.79,-3.74
18350,1,35.06,1,46580.8,308.214106016,36.79,-1.73
18501,1,34.08,1,46292.5,307.22869085,36.79,-2.71
18779,1,37.32,1,47242,310.47410084,36.79,0.53
22757,0,38.71,1,47648.4,311.863184168,36.79,1.92
24216,1,32.08,1,45709,305.23427618,36.79,-4.71
24293,0,35.69,1,46763.5,308.83857827,36.79,-1.1
24526,0,34.41,1,46390.75,307.564511315,36.79,-2.38
25891,1,30.1,1,45127.5,303.24669755,36.79,-6.7
26056,0,34.82,1,46508.6,307.967324972,36.79,-1.97
26553,1,30.95,1,45378,304.10291156,36.79,-5.84
29438,1,36.26,1,46930,309.4076786,36.79,-0.53
29504,1,35.57,1,46728.5,308.71894757,36.79,-1.22
30474,1,31.69,1,45593.5,304.83949487,36.79,-5.1
31648,0,37.73,1,47359.75,310.876572695,36.79,0.93
33101,1,37.91,1,47414,311.06200028,36.79,1.12
33680,1,33.91,1,46242.53846,307.057921312308,36.79,-2.88
34629,1,36.81,1,47092,309.96139784,36.79,0.02
37098,1,37.27,1,47225.25,310.416849005,36.79,0.47
38984,1,37.45,1,47278.5,310.59885857,36.79,0.66
40613,1,33.37,1,46084.70588,306.5184464,36.79,-3.42
40666,0,36.86,1,47107,310.01266814,36.79,0.07
43140,1,37.57,1,47314,310.72019828,36.79,0.78
43283,1,36.02,1,46861.5,309.17354423,36.79,-0.77
43597,1,34.09,1,46295.5,307.23894491,36.79,-2.7
43705,1,36.27,1,46933,309.41793266,36.79,-0.52
45302,1,30.75,1,45318,303.89783036,36.79,-6.04
45625,1,32.61,1,45863.5,305.76236027,36.79,-4.18
48329,1,34.88,1,46527.25,308.031071045,36.79,-1.91
48567,0,35.13,1,46600,308.279732,36.79,-1.66
48983,0,37.92,1,47415.66667,311.06769698,36.79,1.13
49199,1,39.02,1,47738.2,312.170122364,36.79,2.23
49295,0,30.75,1,45318,303.89783036,36.79,-6.04
50481,0,35.82,1,46802.75,308.972735555,36.79,-0.97
51319,0,36.16,1,46900.5,309.30684701,36.79,-0.64
51407,0,38.93,1,47711.72727,312.079638052727,36.79,2.14
53194,0,31.08,1,45415,304.2293783,36.79,-5.71
53650,1,39.4,1,47849.2,312.549522584,36.79,2.61
54372,1,36.32,1,46948.11111,309.46958274,36.79,-0.47
54410,0,38.55,1,47599.75,311.696897495,36.79,1.75
57958,1,34.3,1,46358.5,307.45428017,36.79,-2.49
58270,1,37.09,1,47174.66667,310.24395416,36.79,0.3
58271,1,30.14,1,45138.75,303.285150275,36.79,-6.66
59263,0,39.15,1,47775.18182,312.296526958182,36.79,2.35
60544,1,34.48,1,46408.8,307.626206576,36.79,-2.32
61642,0,38.68,1,47639,311.83105478,36.79,1.89
62213,1,37.8,1,47381.25,310.950060125,36.79,1.01
63034,1,38.31,1,47530,311.4584906,36.79,1.52
64175,0,36.81,1,47092.66667,309.96367652,36.79,0.02
64230,0,34.74,1,46485.66667,307.88893838,36.79,-2.05
64432,0,39.04,1,47743.14286,312.187017148571,36.79,2.24
66552,1,38.7,1,47643.5,311.84643587,36.79,1.9
67008,1,27.56,1,44385,300.7088177,36.79,-9.23
67509,1,34.02,1,46274.33333,307.16659682,36.79,-2.78
68046,1,37.47,1,47286,310.62449372,36.79,0.68
69622,1,38.2,1,47499,311.35253198,36.79,1.41
70128,0,35.63,1,46747.64286,308.784378238571,36.79,-1.16
70294,1,39.38,1,47844,312.53174888,36.79,2.59
70360,1,39.38,1,47844,312.53174888,36.79,2.59
70612,1,40.36,1,48130.2,313.509986204,36.79,3.57
70743,0,38.14,1,47482,311.29442564,36.79,1.35
71097,0,38.46,1,47575,311.6123015,36.79,1.67
71153,0,37.27,1,47226.5,310.42112153,36.79,0.48
71154,1,36.33,1,46950.875,309.4790297675,36.79,-0.46
71399,1,39.47,1,47869.5,312.61890839,36.79,2.68
72246,0,38.54,1,47598.41667,311.692340135,36.79,1.75
73442,0,37.95,1,47426.5,311.10472553,36.79,1.16
73505,1,33.82,1,46218.11111,306.97442814,36.79,-2.97
73669,0,37.92,1,47415,311.0654183,36.79,1.12
73747,0,38.11,1,47473,311.26366346,36.79,1.32
73776,1,38.02,1,47445.5,311.16966791,36.79,1.23
74795,1,38.94,1,47714,312.08740628,36.79,2.15
75040,1,38.73,1,47652,311.87548904,36.79,1.93
75044,1,33.73,1,46190,306.8783438,36.79,-3.06
75367,1,34.13,1,46308.5,307.28337917,36.79,-2.66
76965,0,40.92,1,48294,314.06985788,36.79,4.13
77012,0,39.25,1,47805.25,312.399300605,36.79,2.46
77236,0,35.65,1,46753,308.80268906,36.79,-1.14
77542,1,39.38,1,47844.14286,312.532237168571,36.79,2.59
77776,0,40.16,1,48070.5,313.30593041,36.79,3.36
77881,1,33.7,1,46183.14286,306.854905948571,36.79,-3.09
78220,0,40.19,1,48079.5,313.33669259,36.79,3.39
78412,1,32.61,1,45863,305.76065126,36.79,-4.18
78521,1,38.6,1,47615.33333,311.75016164,36.79,1.81
78650,0,38.14,1,47481,311.29100762,36.79,1.35
78732,1,39.68,1,47931,312.82911662,36.79,2.89
78745,1,37.85,1,47396.33333,311.00161526,36.79,1.06
79020,0,37.27,1,47227,310.42283054,36.79,0.48
79047,1,39.66,1,47925,312.8086085,36.79,2.87
79226,1,35.46,1,46697,308.61127994,36.79,-1.33
79654,0,35.64,1,46750.33333,308.79357434,36.79,-1.15
79700,0,37.12,1,47183.3,310.273463066,36.79,0.33
79969,0,39.48,1,47871.5,312.62574443,36.79,2.68
80192,0,33.09,1,46003,306.23917406,36.79,-3.7
81127,0,39.04,1,47744,312.18994688,36.79,2.25
81395,0,39.75,1,47951,312.89747702,36.79,2.96
81439,1,35.08,1,46586,308.23187972,36.79,-1.71
82461,0,37.32,1,47241.8,310.473417236,36.79,0.53
82696,1,31.14,1,45433,304.29090266,36.79,-5.65
82928,0,38.69,1,47641,311.83789082,36.79,1.9
84118,1,34.97,1,46552.38889,308.11699627,36.79,-1.83
84858,0,38.91,1,47705,312.0566441,36.79,2.11
84975,0,35.36,1,46667.5,308.51044835,36.79,-1.43
85064,0,39.62,1,47912.85714,312.767103971429,36.79,2.82
85519,0,36.15,1,46897.28571,309.295860517143,36.79,-0.65
85631,0,37.23,1,47215.5,310.38352331,36.79,0.44
85829,0,37.84,1,47394,310.99363988,36.79,1.05
85993,1,38.88,1,47696.6,312.027932732,36.79,2.09
86176,0,38.05,1,47453.5,311.19701207,36.79,1.25
87045,1,34.77,1,46493.5,307.91571287,36.79,-2.03
87191,1,40.61,1,48203,313.75881806,36.79,3.82
87427,0,37.8,1,47381.5,310.95091463,36.79,1.01
87440,0,37.99,1,47436.5,311.13890573,36.79,1.2
88312,0,36.41,1,46974.07143,309.558315624286,36.79,-0.38
88388,0,38.61,1,47617,311.75585834,36.79,1.81
88979,0,38.13,1,47477,311.27733554,36.79,1.34
89519,0,37.91,1,47414,311.06200028,36.79,1.12
90329,0,40.01,1,48028,313.16066456,36.79,3.22
90510,0,37.25,1,47219.5,310.39719539,36.79,0.45
90538,1,38.07,1,47460,311.2192292,36.79,1.28
90647,0,37.88,1,47405.5,311.03294711,36.79,1.09
90999,0,36.88,1,47111,310.02634022,36.79,0.08
91144,0,36.92,1,47125,310.0741925,36.79,0.13
91264,1,36.78,1,47082,309.92721764,36.79,-0.02
91435,1,38.41,1,47561,311.56444922,36.79,1.62
91936,1,38.89,1,47698.75,312.035281475,36.79,2.09
92073,0,38.75,1,47659,311.89941518,36.79,1.96
92137,0,35.98,1,46850,309.134237,36.79,-0.81
93827,1,37.28,1,47229.71429,310.432108022857,36.79,0.49
94058,0,37.46,1,47282,310.61082164,36.79,0.67
94195,1,32.49,1,45827.5,305.63931155,36.79,-4.3
94489,1,37.44,1,47275.83333,310.58974385,36.79,0.65
94705,0,37.62,1,47328,310.76805056,36.79,0.83
95464,1,37.41,1,47266.71429,310.558574762857,36.79,0.62
95603,0,37.07,1,47168.83333,310.22401571,36.79,0.28
95809,1,38.13,1,47477.5,311.27904455,36.79,1.34
95997,0,37.64,1,47334,310.78855868,36.79,0.85
96028,0,39.42,1,47856.33333,312.57390446,36.79,2.63
96170,0,38.17,1,47488.25,311.315788265,36.79,1.37
96206,1,40.17,1,48073.5,313.31618447,36.79,3.37
96272,1,39.01,1,47735.16667,312.15975437,36.79,2.22
96741,1,38.71,1,47648.5,311.86352597,36.79,1.92
96799,1,35.66,1,46755,308.8095251,36.79,-1.13
96821,0,38.28,1,47520.5,311.42601941,36.79,1.48
96926,1,36.1,1,46885,309.2538677,36.79,-0.69
96927,1,35.41,1,46683.18182,308.564049118182,36.79,-1.38
97392,1,35.23,1,46630.25,308.383127105,36.79,-1.56
97451,0,37.24,1,47216,310.38523232,36.79,0.44
97819,1,36.24,1,46924.6,309.389221292,36.79,-0.55
97960,0,38.11,1,47471,311.25682742,36.79,1.31
97981,1,37.35,1,47250.5,310.50315401,36.79,0.56
98077,0,36.11,1,46887.2,309.261387344,36.79,-0.68
98120,1,37,1,47147.55556,310.15128784,36.79,0.21
98161,1,36.65,1,47045.88235,309.8037668,36.79,-0.14
98290,1,37.31,1,47236.83333,310.45644107,36.79,0.51
98333,0,36.41,1,46974.72727,309.560557312727,36.79,-0.38
98637,0,39.33,1,47827.5,312.47535155,36.79,2.53
98863,1,37.2,1,47207,310.35447014,36.79,0.41
99150,0,36.79,1,47087,309.94430774,36.79,0
99423,0,39.1,1,47762,312.25147124,36.79,2.31
99452,0,39.47,1,47869.75,312.619762895,36.79,2.68
99520,0,36.62,1,47036,309.76998872,36.79,-0.17
99529,0,38.41,1,47558.33333,311.5553345,36.79,1.61
99920,1,37.81,1,47384,310.95945968,36.79,1.02
100323,0,36.7,1,47060.55556,309.8539201,36.79,-0.09
100406,1,39.43,1,47859,312.58301918,36.79,2.64
100731,0,36.8,1,47087.7,309.946700354,36.79,0
101079,1,36.6,1,47029.5,309.74777159,36.79,-0.19
101092,0,38.75,1,47658.2,311.896680764,36.79,1.95
101267,1,37.57,1,47314.5,310.72190729,36.79,0.78
101313,1,37.44,1,47276.93333,310.593503672,36.79,0.65
101706,0,36.71,1,47061.28571,309.856415797143,36.79,-0.09
101852,0,36.88,1,47111,310.02634022,36.79,0.08
102262,0,38.75,1,47660.33333,311.90397254,36.79,1.96
102280,0,37.2,1,47207,310.35447014,36.79,0.41
102880,0,38.2,1,47499.33333,311.35367132,36.79,1.41
102971,0,37.81,1,47384.75,310.962023195,36.79,1.02
103336,1,37.76,1,47369,310.90818938,36.79,0.97
103480,1,36.35,1,46957.625,309.5021014025,36.79,-0.44
103748,1,38.2,1,47497.33333,311.34683528,36.79,1.4
103785,1,37.08,1,47169.33333,310.22572472,36.79,0.28
103846,0,37.83,1,47389.66667,310.97882846,36.79,1.04
104685,0,37.23,1,47213.33333,310.3761176,36.79,0.43
104742,0,37.67,1,47343.18182,310.819942318182,36.79,0.88
104744,0,35.78,1,46789.125,308.9261650325,36.79,-1.02
104848,0,38.73,1,47654.22222,311.88308464,36.79,1.94
104955,0,35.05,1,46576.47059,308.199308,36.79,-1.74
105154,1,38.22,1,47504,311.36962208,36.79,1.43
105484,1,38.31,1,47530.66667,311.46076928,36.79,1.52
105714,1,38.31,1,47529.75,311.457636095,36.79,1.52
106017,0,37.25,1,47218.91667,310.395201545,36.79,0.45
106596,0,36.6,1,47030.66667,309.75175928,36.79,-0.19
106675,0,36.65,1,47044.23077,309.798121653846,36.79,-0.14
106931,0,36.82,1,47095,309.9716519,36.79,0.03
107087,1,36.85,1,47104.375,310.0036958375,36.79,0.06
107548,0,34.93,1,46542,308.08148684,36.79,-1.86
107722,0,38.85,1,47687.66667,311.99739842,36.79,2.06
107750,1,36.64,1,47043,309.79391486,36.79,-0.15
107753,1,39.12,1,47766,312.26514332,36.79,2.32
107776,0,38.84,1,47685,311.9882837,36.79,2.05
108088,0,38.57,1,47606,311.71826012,36.79,1.78
108089,1,38.18,1,47493.38889,311.33335309,36.79,1.39
108097,0,37.35,1,47250.4,310.502812208,36.79,0.56
108154,1,39.17,1,47783,312.32324966,36.79,2.38
108200,1,38.49,1,47583.75,311.642209175,36.79,1.7
108228,1,38.2,1,47497,311.34569594,36.79,1.4
108662,0,37.83,1,47390.625,310.9821040625,36.79,1.04
108989,0,36.03,1,46863.37037,309.179937193333,36.79,-0.76
109029,1,36.19,1,46909.54545,309.337764554546,36.79,-0.6
109105,0,37.57,1,47315,310.7236163,36.79,0.78
109515,0,37.31,1,47238,310.46042876,36.79,0.52
110541,0,38.63,1,47623.5,311.77807547,36.79,1.84
110785,1,35.81,1,46799.72727,308.962403812727,36.79,-0.98
111956,1,38.08,1,47463.38462,311.230797883077,36.79,1.29
112668,0,38.76,1,47662.33333,311.91080858,36.79,1.97
114155,0,37.35,1,47249.5,310.49973599,36.79,0.56
114471,0,38.47,1,47577.55556,311.62103644,36.79,1.68
114960,0,38.25,1,47511.5,311.39525723,36.79,1.45
115652,1,37.38,1,47258.37143,310.530058710286,36.79,0.59
116399,0,38.01,1,47443.3,311.162148266,36.79,1.22
116459,1,37.17,1,47197,310.32028994,36.79,0.38
116504,0,36.89,1,47116,310.04343032,36.79,0.1
117102,1,38.78,1,47669.16667,311.93416505,36.79,1.99
117156,1,36.53,1,47008.25,309.675138665,36.79,-0.27
118718,1,37.28,1,47229,310.42966658,36.79,0.49
118891,0,35.92,1,46832.125,309.0731398925,36.79,-0.87
121894,1,36.27,1,46933.33333,309.419072,36.79,-0.52
122614,0,36.56,1,47019,309.71188238,36.79,-0.23
123128,1,35.79,1,46792,308.93599184,36.79,-1.01
123228,1,37.64,1,47334.75,310.791122195,36.79,0.85
123536,0,37.4,1,47264.05882,310.54949834,36.79,0.61
124244,0,36.16,1,46902,309.31197404,36.79,-0.63
125146,0,36.45,1,46986,309.59908772,36.79,-0.34
126109,0,35.4,1,46680.38462,308.554488223077,36.79,-1.39
126587,0,36.04,1,46866.5,309.19063433,36.79,-0.75
126869,1,35.9,1,46825.5,309.05049551,36.79,-0.89
127868,0,36.95,1,47131.5,310.09640963,36.79,0.15
128212,0,37.44,1,47275,310.5868955,36.79,0.64
128622,1,36.43,1,46981,309.58199762,36.79,-0.36
130590,1,36.69,1,47057.57143,309.843720294286,36.79,-0.1
131080,0,37.9,1,47411,311.05174622,36.79,1.11
131572,1,35.71,1,46768.7,308.856351974,36.79,-1.09
131840,1,36.28,1,46937,309.43160474,36.79,-0.51
132234,0,37.33,1,47245.09091,310.484665629091,36.79,0.54
132402,1,38.26,1,47515.25,311.408074805,36.79,1.47
133071,1,36.33,1,46950.27273,309.476971187273,36.79,-0.47
133243,0,37.6,1,47324,310.75437848,36.79,0.81
133942,0,38.22,1,47505.33333,311.37417944,36.79,1.43
137134,0,36.99,1,47145,310.1425529,36.79,0.2
137372,0,36.84,1,47101.5,309.99386903,36.79,0.05
138149,1,37.87,1,47402.4,311.022351248,36.79,1.08
138652,1,37.3,1,47234,310.44675668,36.79,0.5
138749,1,36.9,1,47117.66667,310.04912702,36.79,0.11
139127,1,36.05,1,46868.41667,309.197185535,36.79,-0.75
139266,1,36.24,1,46923.75,309.386315975,36.79,-0.56
139337,1,35.57,1,46728.83333,308.72008691,36.79,-1.22
139453,0,36.22,1,46918.625,309.3687986225,36.79,-0.57
139491,1,35.05,1,46577.66667,308.20339622,36.79,-1.74
139816,0,37.4,1,47264.2,310.549980884,36.79,0.61
139937,1,35.9,1,46826.4,309.053571728,36.79,-0.89
140316,1,35.64,1,46748,308.78559896,36.79,-1.16
140378,1,37.1,1,47176.95455,310.251774175454,36.79,0.31
140399,1,34.06,1,46287.375,307.2111734975,36.79,-2.73
140886,0,33.81,1,46214.4,306.961743488,36.79,-2.98
141265,0,36.93,1,47128,310.08444656,36.79,0.14
142491,0,36.38,1,46966.66667,309.533006,36.79,-0.41
145676,0,32.06,1,45702,305.21035004,36.79,-4.73
145855,1,36.89,1,47116.16667,310.04399999,36.79,0.1
146181,0,33.11,1,46008.5,306.25797317,36.79,-3.68
146362,0,37.42,1,47271,310.57322342,36.79,0.63
146575,1,37.04,1,47158,310.18698716,36.79,0.24
147238,1,31.14,1,45431.5,304.28577563,36.79,-5.66
148089,0,33.47,1,46113.33333,306.6162956,36.79,-3.33
150955,0,33.99,1,46266.5,307.13982233,36.79,-2.8
151385,1,36.89,1,47115,310.0400123,36.79,0.1
151961,1,33.4,1,46093.70149,306.549193575522,36.79,-3.39
160888,0,37.27,1,47226.71429,310.421853962857,36.79,0.48
161177,0,38.18,1,47491,311.32518782,36.79,1.38
